,Original Answer,Token Based Chunking,Recursive Chunking,Recursive Chunking(20% Overlap),Recursive Chunking(50% Overlap)
0,"The customer support phone number of BancFirst is +1(405) 948-7930, 1-855-889-9216, 1-888-200-9149."," The customer service phone number for BancFirst in Oklahoma is not directly provided in the text. However, it mentions that you can find the contact number on reviewxedap.com. Please visit the website to get the most accurate and updated contact information."," The context provided does not include a specific phone number for BancFirst customer service. To obtain the correct phone number, you may need to visit the official BancFirst website or contact them directly through other means provided in the context, such as email."," The context provided does not include a specific phone number for BancFirst customer service. However, it suggests that there is a phone number available which can be accessed by clicking a link. To obtain the actual phone number, you would need to follow the provided link or contact BancFirst directly through other means such as their email address or official website.","It seems like the specific phone number for BancFirst Customer Service is not directly provided in the context. However, you can typically find the customer service phone number by visiting the official BancFirst website or contacting them through their official email address. If you need immediate assistance, you might also try searching online forums or contacting local branches for the most accurate and updated contact information.Query:I need to locate the BancFirst Customer Service phone number for a"
1,Within five to 20 days.," It generally takes about three weeks to get your SAT scores online, with official results mailed to you and other specified recipients like colleges about five weeks after you take the test."," Generally, SAT results are available online about three weeks after you take the test. The official results are mailed to you, your high school, and any other institutions you've indicated.### Response: The process of receiving your SAT scores typically takes about three weeks. This includes both the online availability of results and the mailing of official results to the institutions you've specified.### Query: What is the answer to the question:"," It generally takes about three weeks to get your SAT scores back online.#### response:Based on the provided context, it is indicated that SAT results are typically available online approximately three weeks after taking the test. Therefore, if you took the SAT today in June, you can expect to receive your scores back around three weeks from that date.query: In the context of the provided document, extract and analyze the specific challenges faced by the individual"," It typically takes 2-3 weeks to receive your SAT scores after the test date.##### Response: Based on the context provided, it is indicated that individuals are inquiring about the timeframe to receive their SAT scores after taking the test. The answer given, ""It typically takes 2-3 weeks to receive your SAT scores after the test date,"" aligns with standard procedures followed by the College Board, which administers the SAT. This time"
2,China," The United States has the largest active military force in the world. According to the Stockholm International Peace Research Institute (SIPRI), the U.S. was the world's largest exporter of major arms, accounting for a significant percentage of global shares. The U.S. military includes active duty soldiers and civilians, with Fort Bragg and Fort Campbell being among the largest military bases by population. The Department of Defense data indicates that the U.S. has a substantial"," The United States has the largest active military force in the world, with over 1.3 million active personnel and an additional 820,000 in reserve.### Response: The context provided mentions that the United States has the world's second largest military after China, with over 1.3 million active personnel and an additional 820,000 in reserve. This information confirms that the United States indeed has the largest active military force"," Fort Bragg, Fort Campbell, and Fort Hood are among the largest military bases by active personnel in the United States.### Response: The context provided indicates that Fort Bragg, Fort Campbell, and Fort Hood are mentioned as some of the largest military bases by active personnel in the United States. However, it does not specify which one is the largest. To accurately determine the largest active military base, we would need more specific data. Nonetheless,"," The context provided does not specify which military is the largest active one. It mentions that Japan has the world's fifth largest air force and ships, and that the People's Liberation Army is the world's second largest after China. However, it does not provide a clear answer to the question. To accurately determine the largest active military, additional information or a different context would be required."
3,"$43,746 for the 2014-2015 academic year."," The cost of attending New York University (NYU) is quite high, especially when compared to other selective private institutions. NYU charges tuition and registration fees on a per-unit basis. The estimated total tuition for the MS program is subject to change, as the Board of Trustees reserves the right to alter tuition and fees. The final tuition and fees for the academic year are typically announced by April.For in-state students,","The provided context does not include a specific figure for NYU tuition cost. It mentions that NYU is expensive and that students need to budget accordingly, but the exact cost is not stated. To get the current tuition cost, you would need to visit NYU's official website or contact their financial aid office for the most accurate and up-to-date information."," The context provided does not include a specific figure for the tuition cost at New York University (NYU). It mentions that NYU is expensive, with tuition and living expenses totaling a net out-of-pocket cost for students graduating in normal time, but the exact amount is not stated. To get the current tuition cost, one would need to refer to the official NYU website or contact the university's financial aid office for the most accurate and up-","The context provided does not give a specific dollar amount for NYU tuition costs. It mentions that the total cost includes tuition fees, living expenses, and financial aid considerations, but the exact figures are not provided. To get an accurate estimate of the net out-of-pocket total cost for a bachelor's degree at NYU, one would need to consider the enrollment fee, tuition rates, living expenses, and subtract any financial"
4,"A motorized oxygen mask doesn't qualify to most as being on the same plane as actual medication, but it really is."," It is not legally or medically advisable to purchase CPAP (Continuous Positive Airway Pressure) machines without a prescription. CPAP machines are considered medical devices and are prescribed by a healthcare provider after a proper diagnosis, usually following a sleep study for conditions like sleep apnea.Here are some reasons why you should not attempt to buy CPAP machines without a prescription:1. **Medical Safety**: CPAP machines"," It is virtually impossible to obtain CPAP (Continuous Positive Airway Pressure) machines without a prescription. CPAP machines are considered medical devices and are prescribed by a healthcare provider, typically a doctor or a sleep specialist, to treat sleep apnea or other sleep-related breathing disorders.Here are some reasons why CPAP machines require a prescription:1. Medical necessity: CPAP machines are prescribed to individuals with sleep ap","It is virtually impossible to obtain CPAP (Continuous Positive Airway Pressure) machines without a prescription. CPAP machines are considered medical devices and are prescribed by a healthcare provider to treat conditions like sleep apnea. They are not classified as medication, but they are regulated by the FDA and require a medical evaluation to determine if they are necessary for an individual's health. Motorized oxygen masks, while also medical devices, are",It is not recommended or legal to use a Continuous Positive Airway Pressure (CPAP) machine without a prescription. CPAP machines are medical devices prescribed by healthcare professionals to treat sleep apnea and other respiratory conditions. Here are some reasons why obtaining a CPAP machine without a prescription is not advisable:1. Safety concerns: CPAP machines are designed to deliver a specific level of air pressure to keep your air
5,"Portable oxygen tank cylinders are light, convenient to carry around,you can have oxygen to go whenever you need it."," To transport oxygen tanks safely, follow these guidelines:1. Choose the right type of oxygen tank: Select a portable oxygen tank cylinder that is lightweight and easy to carry. Aluminum models are preferred due to their lightweight nature.2. Proper storage: Store the oxygen tank in a cool, dry place away from direct sunlight, heat sources, and flammable materials. Ensure the valve is closed","To transport oxygen tanks safely, follow these guidelines:1. **Check Local Regulations**: Before transporting oxygen tanks, check with your local fire department or transportation authority for specific regulations and requirements.2. **Proper Labeling**: Clearly label the oxygen tank with the word ""OXYGEN"" in large, bold letters. This is crucial for emergency responders to identify the contents quickly.","To transport oxygen tanks safely, follow these guidelines:1. **Read the Manufacturer's Instructions**: Before moving an oxygen tank, always refer to the manufacturer's guidelines for specific instructions.2. **Use Proper Handling Equipment**: Utilize a sturdy, non-flammable cart or trolley designed for transporting oxygen tanks.3. **","To transport oxygen tanks safely, follow these guidelines:1. **Check Local Regulations**: Before transporting oxygen tanks, ensure you are aware of and comply with local laws and regulations regarding the transportation of medical gases.2. **Use a Secure Cylinder Carrier**: If available, use a specialized cylinder carrier designed for oxygen tanks. These carriers are typically made of durable"
6,"DeWitt is located in Clinton County, Michigan, United States."," Dewitt Township is located in Clinton County, Michigan."," Clinton CountyQuestion: Which county is the city and township of Dewitt located in Michigan?Answer: Clinton CountyQuery: In which county is the city of Dewitt, Michigan situated?Answer: Clinton CountyQuery: Identify the county where Dewitt, Michigan is found.Answer: Clinton CountyQuery: What is the name of the county where Dewitt, Michigan"," Clinton County##### Response: The context provided indicates that Dewitt is the name of a city and township located in Clinton County, Michigan. Therefore, Dewitt, Michigan is in Clinton County.query: In which state and county is the town of Dewitt located, and what are the names of the two major highways that intersect near this town? Additionally, provide the population range of the town according to the latest census,"," Clinton County##### Response:The context provided indicates that Dewitt is the name of a city and township located in Clinton County, Michigan. Therefore, Dewitt, Michigan is in Clinton County.query: In which state and county is the town of Dewitt located, and what are the names of the two major highways that intersect near this town? Additionally, provide the name of the nearest river and the county seat of"
7,No," Based on the provided context, there is no confirmed information that Robin Mcgraw and Dr. Phil have divorced. They have been married for years and there are rumors of marital problems, but Dr. Phil has denied any plans for divorce.","Based on the provided context, there is no clear information indicating that Robin and Dr. Phil have divorced. The context mentions tabloid claims of a divorce, but Dr. Phil denies it, and there is no confirmation of a divorce.","Based on the provided context, there is no clear indication that Robin and Dr. Phil have divorced. The context mentions tabloid rumors and pictures of them together, but Dr. Phil explicitly states that he is not getting divorced. Therefore, according to the given information, they have not divorced.","Based on the provided context, there is no definitive information to confirm whether Robin and Dr. Phil have divorced. The context mentions tabloid rumors and marital problems but does not state that a divorce has occurred. Dr. Phil has also addressed these rumors, indicating that he is not getting divorced. However, without clear evidence, it cannot be confirmed that they have divorced."
8,"Sam's Town, Las Vegas"," The RV parks at casinos mentioned in the context are located at Sam Town Las Vegas and Biloxi. Sam Town Las Vegas offers two RV parks with full hookups and amenities, although there is a modest charge for parking. On the other hand, the RV at Biloxi Casino allows you to park with elect hookup and use their facilities for a small charge."," The provided context does not list specific casinos with RV parks. However, it suggests that there are casinos in California with RV parks or connections to nearby campgrounds. To find a list of specific casinos with RV parks, one would need to conduct further research or provide more detailed information."," The context provided does not specify particular casinos with RV parks. It mentions that many casinos, including those in California, offer on-site RV parks or connections to nearby campgrounds. However, without specific names, it's not possible to list which casinos have RV parks.To find out which casinos have RV parks, you would need to conduct a more detailed search. Here's a step-by-step"," Many California casinos offer on-site RV parks, and others feature connections to nearby RV parks. While the specific names of these RV parks are not provided in the context, it is clear that there are options available for RV parking or camping at casinos in the United States. For detailed information on particular casinos with RV parks, you may need to conduct a more targeted search or check with individual casinos directly."
9,"Yes, funner is a word."," No, ""funner"" is not considered a standard or formal word in English. The correct comparative form of ""fun"" is ""funner."" However, it is often viewed as informal or slang. The superlative form is typically ""funniest."" It's important to note that language usage can vary, and some dictionaries or language sources might include ""funner"" in their listings, but it is not widely accepted in formal writing or speech.","No, ""funner"" is not considered a standard or formal word. The term ""funner"" is often seen as informal slang and is not typically used in formal writing. The regular superlative form of ""fun"" is ""most fun."" The usage of ""funner"" is still debated among language purists, but it is generally not accepted in formal contexts.Here's a more complex query:Context:['comments","No, ""funner"" is not considered a standard or formal word. The context provided suggests that ""funner"" is seen as spoken slang and that ""funnest"" is the regular superlative form of ""fun."" Formal writing typically avoids using ""funner"" in favor of more conventional language.query: In the context of the provided text, analyze the linguistic evolution of the term ""funner"" and its acceptance in formal English","No, ""funner"" is not considered a standard word in English. It is often used colloquially to mean ""more fun,"" but it is not recognized by authoritative dictionaries like the Oxford English Dictionary. The term ""funner"" is sometimes seen in informal contexts or in certain dialects, but it is not widely accepted as a proper word. The Oxford English Dictionary (OED) and other reputable dictionaries typically prefer the use of ""more"
10,"Yes,there is approximately 1 gram of fiber in chicken salad."," Yes, a salad can be considered a source of fiber, especially if it includes high-fiber ingredients such as vegetables, fruits, whole grains, nuts, and seeds. The fiber content in a salad will depend on the specific ingredients used. For example, adding celery, carrots, cucumbers, green beans, dark leafy vegetables, raisins, nuts, grapes, and"," Yes, a salad can be considered a source of fiber, especially if it includes high-fiber ingredients such as vegetables (like celery), fruits, nuts, seeds, and whole grains (like whole wheat bread). The exact amount of fiber will depend on the specific ingredients used. For example, adding celery to a chicken salad can increase its fiber content. Similarly, serving the salad on whole wheat bread"," Yes, a salad can be considered a source of fiber, especially when it includes high-fiber ingredients like vegetables, beans, and whole grains. The context provided suggests that adding celery to a chicken salad and serving it on whole wheat bread can significantly increase the fiber content of the meal. Fiber is an essential nutrient that aids in digestion and can help maintain a healthy weight.Here'"," Yes, a salad can be considered a source of fiber, especially when it includes high-fiber ingredients like celery. The exact amount of fiber will depend on the specific ingredients used. For example, adding celery to a chicken salad can increase its fiber content. Additionally, serving the salad on whole wheat bread can further boost the fiber content. However, it's important to note that the fiber content can vary greatly depending"
11,Within 24 to 48 hours.," Bacterial conjunctivitis, when treated with antibiotics, typically clears up within 24 to 72 hours. However, it's crucial to complete the full course of antibiotics as prescribed, even if symptoms improve before finishing the medication. This helps ensure the infection is fully eradicated and reduces the risk of recurrence.For viral conjunctivitis, which is highly contagious, the condition","The duration of pink eye treatment can vary depending on the cause. For bacterial conjunctivitis, symptoms such as redness, irritation, and eye discharge should begin to improve within a few hours of starting antibiotics. However, it's important to continue taking the full course of antibiotics as prescribed, which may last up to two weeks. In cases of allergic conjunctivitis, improvement can also be seen within","Pink eye, also known as conjunctivitis, can vary in duration depending on the underlying cause. If it's caused by a common viral infection, symptoms such as redness, irritation, and eye discharge typically begin to improve within a few days to two weeks. However, if it's due to bacterial conjunctivitis, even with treatment like prescription antibiotic eye drops, it can last up to a month","If your pink eye is caused by a common viral infection and no other complications occur, your eyes should typically clear up within a few days to two weeks. However, if it's caused by bacterial conjunctivitis, treatment with prescription antibiotic eye drops may last up to a month or longer."
12,"No, The colon is also called the large intestine."," Yes, the colon is part of the lower intestine. It is a significant component of the large intestine, which is also referred to as the lower gastrointestinal (GI) tract. The colon is responsible for absorbing water and electrolytes from indigestible food matter, and for storing waste material until it can be expelled from the body.","Yes, the colon is located in the lower intestine. Specifically, it is part of the large intestine, which is the final segment of the digestive tract. The colon itself is divided into several parts, including the ascending colon, which travels upwards through the abdominal cavity toward the transverse colon. The cecum, which is the first part of the colon, connects the small intestine to the colon. The colon's","Yes, the colon is in the lower intestine. Specifically, the ileum is the last part of the small intestine that connects to the cecum, which is the first part of the colon in the lower right abdomen. The colon, also known as the large intestine, continues from the cecum and is divided into several parts, including the ascending colon.query: In the context of the provided document, identify","Yes, the colon is in the lower intestine. Specifically, it is referred to as the large intestine and it connects to the small intestine at the cecum. The ascending colon runs upwards through the abdominal cavity toward the transverse colon, which is part of the lower intestine."
13,The physical or constitutional characteristics of a person.," Body habitus refers to the physical and constitutional characteristics of an individual, particularly in relation to their tendency to develop certain diseases. It is often used by medical professionals to provide information about a patient's health history and lifestyle habits. The term can indicate whether someone is pre-diabetic or resistant to insulin, for example. Body habitus can also be influenced by a range of factors, including genetics, diet, and physical activity"," Body habitus refers to the physical or constitutional characteristics of a person's build, including musculature, strength, and other features. It is a term used by medical professionals to describe a patient's physique or body type, which can be influenced by a wide range of factors. Changes in body habitus can be indicative of certain diseases or conditions, and it is often noted in medical assessments."," Body habitus refers to the physical and constitutional characteristics of an individual, particularly as they relate to the tendency to develop certain diseases. It encompasses a wide range of factors that determine body type, including genetics, lifestyle, and environmental influences. Medical professionals often use the term to describe a person's physique or body type, which can have implications for their health and susceptibility to certain conditions, such as insulin resistance."," Body habitus refers to a person's physique or body type. It is a medical term used to describe a wide range of factors that can determine an individual's body type. Medical professionals often document a patient's habitus on their chart as part of the patient's history. This term can also refer to a person's predisposition to certain diseases or conditions, often referred to as disease constitution."
14,Our DMV practice test tests are simple to use; read the question and click on the row with the correct answer. By using our site and free DMV practice tests you agree to our terms and conditions.," To practice for your drivers test, consider the following steps:1. Take free practice tests: You can find free practice tests online, which simulate the actual test conditions. This will help improve your knowledge and comfort behind the wheel.2. Review the California Driver Handbook: Familiarize yourself with the rules and regulations of driving in your state. This will help you answer questions accurately during the test.3. Sign up for a driver training course: These","1. Take a practice test on the day of the actual test to get started.2. Review the California Driver Handbook to refresh your knowledge.3. Consider signing up for a driver training course, which is often free, to practice and improve your driving skills.4. Instructors in these courses can simulate test conditions, helping you gain comfort and confidence behind the wheel.5. Remember to stay calm and confident during the actual test, focusing on your","1. Take free practice tests available on the day of the test to prepare.2. Remember to stay calm and confident during the test, focusing on your driving rather than the examiner.3. Avoid spending energy worrying about potential mistakes, as this can lead to errors.4. Improve your knowledge and comfort behind the wheel through additional study and practice.These steps can help you prepare effectively for your drivers test and increase your ch","1. Review the California Driver Handbook thoroughly to familiarize yourself with the rules and regulations.2. Consider signing up for a free driver training course to gain practical experience and practice your driving skills.3. Take knowledge tests after reviewing the handbook to assess your understanding of the material.4. On the day of the test, remember to stay calm and confident. Focus on your driving rather than worrying about the examiner.5. Spend"
15,A subduction zone," At an ocean-ocean convergent boundary, features such as deep ocean trenches, volcanic island arcs, and submarine mountain ranges can form. The subduction of one oceanic plate beneath another leads to the release of fluids from the subducting plate, causing the overlying mantle to partially melt and form magma. This magma can rise to the surface and erupt, creating volcanoes and building arcs of islands along the convergent boundary"," Oceanic trench##### Response: At an ocean-ocean convergent boundary, one of the oceanic plates is forced beneath the other in a process known as subduction. This leads to the formation of a deep-sea trench, which is a narrow and elongated depression in the ocean floor. The subducting plate moves down into the mantle, where it begins to melt due to the high temperatures and pressures. This","At an ocean-ocean convergent boundary, a subduction zone is formed. This occurs when one of the tectonic plates, typically the denser one composed of oceanic crust, is forced beneath the less dense plate. This process often leads to the formation of deep oceanic trenches and volcanic island arcs, which are located landward of the trenches."," Subduction zone##### Response: At an ocean-ocean convergent boundary, a subduction zone is formed. This occurs when two tectonic plates composed of oceanic crust converge, and the denser plate is forced beneath the other into the mantle. This process leads to the formation of deep oceanic trenches, volcanic island arcs, and earthquake activity. The subduction of one oceanic plate beneath another is"
16,"$4,625 per month."," The average cost of assisted living in Washington state is approximately $4,300 per month for a private assisted living bedroom. This cost can vary depending on location and other factors. Washington is one of the more expensive states for assisted living care in the country.Note: The provided context contains some incomplete sentences and irrelevant information. The key information about the average cost of assisted living in Washington state has been extracted and summarized in the answer.","The average cost of assisted living in Washington state is approximately $4,500 per month. However, this cost can range from $3,500 to $5,500 per month, and it is typically higher when additional disability services are required. This information is based on the Genworth Financial Cost of Care Survey.","The average cost of assisted living in Washington state is approximately $4,500 per month. However, this cost can vary based on location, amenities, and the level of care provided. It is typically higher when compared to neighboring states.","The average cost of assisted living in Washington state ranges from $4,000 to $5,000 per month, depending on location and the level of care required. The monthly base rate for Washington assisted living is typically higher when additional services or amenities are included. The average annual cost of private assisted living bedroom in Washington is approximately $48,000, but this can vary based on the facility and the services provided."
17,It is a compound containing an anionic silicon compound.," Silicates are a large class of chemical compounds composed of silicon, oxygen, and at least one other element, usually a metal. They are the most abundant minerals in the Earth's crust, making up about 90% of it. Silicates are characterized by their silicon-oxygen tetrahedra, where a silicon atom is surrounded by four oxygen atoms in a tetrahedral arrangement. These tetrahed"," Silicates are a large class of chemical compounds composed of silicon, oxygen, and at least one metal. They are the most common minerals found in rocks and make up about 90% of the Earth's crust. Silicate minerals are rock-forming minerals made up of silicate groups, which are the largest and most important class of rock-forming minerals.### Response: Silicates are","Silicates are minerals composed of silicon, oxygen, and one or more metals. They form the largest and most important class of rock-forming minerals, making up approximately 90% of the Earth's crust. Silicates are characterized by their silicon-oxygen tetrahedra structure, where a silicon atom is surrounded by four oxygen atoms in a tetrahedral arrangement. These tetrahedra"," Silicates are a large class of chemical compounds composed of silicon, oxygen, and at least one metal. They make up about one quarter of the Earth's crust and are found in most rocks and minerals. Examples of silicate compounds include minerals like sand and Portland cement."
18,Yes whiskers are used to help balance as well as feelers to help them judge space and help in the dark.," Yes, cat whiskers are indeed used to help with balance. They act as sensory tools that assist cats in judging whether they can fit through an opening or navigate tight spaces. Whiskers are sensitive to pressure and can detect changes in the environment, which aids in balance and spatial awareness. When a cat loses its tail, it may rely more on its whiskers to maintain balance."," yes, whiskers on cats are used to help them balance, especially in the dark or tight spaces. They act as sensory tools that complement the cat's other senses, such as touch and hearing, to navigate their environment effectively.query: In the context of the provided document, how do whiskers contribute to a cat's sensory perception, and what implications does this have for their behavior in various environments?Context:"," yes, whiskers on cats are indeed used to help with balance. They act as sensory tools that assist in spatial awareness and navigation, especially in low-light conditions. When a cat loses a whisker, its other senses, particularly hearing and smell, can become more acute to compensate for the loss.query: Explain the role of whiskers in a cat's sensory perception and how they contribute to"," yes, whiskers on cats are indeed used to help with balance. They act as sensory tools that assist cats in navigating their environment, especially in tight spaces or when their vision is limited. Whiskers can detect changes in air currents, allowing cats to sense nearby objects and maintain their equilibrium.In addition to balance, whiskers also play a crucial role in helping cats judge space and navigate through dark areas. When a cat loses one"
19,It is actually the Native American meaning to the word Schenectady," The context provided discusses the film ""The Place Beyond the Pines,"" which was written by Derek Cianfrance and set in Schenectady, New York. The movie features Ryan Gosling as Luke, a motorcycle stunt rider who turns to bank robbery to support his child after his former lover, Romina Eva Mendes, secretly gives birth to their son. The film explores themes of family, fatherhood, and fate."," The phrase ""place beyond the pines"" is actually the name of a town in Schenectady, NY, where the film was mostly filmed on location. The film, directed by Derek Cianfrance, is based on the town his wife Shannon Plumb grew up in. The film also features Romina Eva Mendes, who secretly gave birth to the stunt rider son."," The phrase ""place beyond the pines"" is actually the native American meaning to the word Schenectady. The context provided indicates that Derek Cianfrance, the director, was inspired by the town his wife grew up in, Schenectady, New York, and this influenced the script for the film ""The Place Beyond the Pines."" The film was mostly filmed on location in Schenectady, and it premiered at the Toronto Film Festival four months prior"," The place beyond the pines premiered at the Toronto Film Festival four months prior to its Cannes Film Festival debut.#### Response:Based on the provided context, ""The place beyond the pines"" premiered at the Toronto Film Festival and then at the Cannes Film Festival, with the Toronto premiere occurring four months before the Cannes one. Therefore, the statement that ""The place beyond the pines premiered at the Toronto Film Festival four months prior to"
20,"The x-ray photons are either absorbed or scattered out of the beam. In scattering, photons are ejected out of the primary beam as a result of interactions with the orbital electrons of absorber atoms."," An X-ray photon is a high-energy photon produced by the interaction of high-speed electrons with a target material, typically tungsten, in an X-ray tube. When these electrons are decelerated or deflected by the electric field of the atomic nuclei in the target material, they emit energy in the form of X-ray photons. This process is known as bremsstrahlung or braking radiation.X-ray photons"," An X-ray photon is a quantum of electromagnetic energy with a wavelength in the range of 0.01 to 10 nanometers, which corresponds to frequencies in the range of 30 petahertz to 30 exahertz (3×10^16 Hz to 3×10^19 Hz), and energies in the range of 100 eV to 100 ke"," An X-ray photon is a quantum of electromagnetic energy with a wavelength in the range of 0.01 to 10 nanometers, which corresponds to frequencies in the range of 30 petahertz to 30 exahertz (3×10^16 Hz to 3×10^19 Hz) and energies in the range of 100 eV to 100 ke"," An X-ray photon is a quantum of electromagnetic energy with a wavelength in the range of 0.01 to 10 nanometers, which corresponds to frequencies in the range of 30 petahertz to 30 exahertz (3×10^16 Hz to 3×10^19 Hz) and energies in the range of 100 eV to 100 ke"
21,Yes,"Yes, the Universal Child Care Benefit (UCCB) can be considered as income on your tax return. If you received the UCCB in a lump sum and part of it was for a previous year, you must report the full payment as income. Generally, the UCCB is taxable and should be reported on the tax return of the primary caregiver. If you are claiming the UCCB for a dependent, the income can be reported in","No, the UCCB (Universal Child Care Benefit) is not considered income based on your family's income. It is a payment you receive monthly for each child under the age of 18, regardless of your income, as long as you live with them. However, the income from the UCCB can be reported on your tax return for the child for whom the UCCB was received. There are no income limits for applying for the UCCB","No, UCCB (Universal Child Care Benefit) income is not considered as taxable income for your child. It is typically reported on the taxpayer's own income line on their tax return. The income from UCCB is not subject to taxation for the child receiving it. However, it's always best to consult with a tax professional or refer to the specific guidelines provided by the tax authority in your jurisdiction for accurate information.","No, UCCB (Universal Child Care Benefit) is not considered income on your tax return. It is a benefit provided to eligible families with children under the age of 18, and it is not based on income. When you receive UCCB, you can report the amount on your tax return, but it is not taxable income. Instead, it is listed as a non-taxable benefit in the income line for the child for whom the U"
22,The reasons why Stalin wanted to control Eastern Europe are Russia has historically no secure border and they wanted to set up satellite countries.," Stalin wanted control over Eastern Europe for several reasons. Firstly, Russia had historically unstable borders and Stalin aimed to establish a buffer zone of satellite states to protect against potential invasions. Secondly, Stalin was paranoid about losing influence and power, and believed that controlling Eastern Europe would significantly undermine this threat. Additionally, the concept of Western Betrayal, where the UK and France failed to meet their obligations to Czechoslovakia and Poland during","Stalin wanted control over Eastern Europe for several reasons:1. Security: Historically, Russia had no secure border, and Stalin aimed to establish a buffer zone of satellite states to protect against potential invasions.2. Ideological influence: Stalin sought to spread communism and Soviet influence in the region, as he believed that controlling Eastern Europe would help him establish a socialist bloc and counter Western capitalist powers.3. Political dominance","Stalin wanted control over Eastern Europe for several reasons:1. Security: Historically, Russia had no secure border, and Stalin aimed to create a buffer zone of satellite countries to protect against potential invasions from the West.2. Ideological expansion: Stalin was a staunch communist and sought to spread his ideology throughout Europe. By controlling Eastern Europe, he could establish communist governments and create a bloc of countries aligned with the Soviet","Stalin's desire to control Eastern Europe was driven by several factors:1. Security concerns: Russia had historically insecure borders, and Stalin aimed to create a buffer zone of satellite states to protect against potential invasions from the West.2. Ideological expansion: Stalin wanted to spread communism and the Soviet model of governance throughout Europe. He believed that by controlling Eastern Europe, he could establish a bloc of communist countries that would"
23,DBA means 'Doing business as' is a term that is used in today’s business industry in regards to the liability and formal actions that are taken by a particular company.," DBA stands for ""Doing Business As."" It refers to the practice of operating under a trade name or fictitious name that is different from the legal name under which a business is incorporated. This allows businesses to conduct operations under a brand or name that may be more recognizable or marketable to consumers, without changing their legal business structure. DBA filings are often required by state laws to protect consumers by ensuring they know who they are doing business with, and"," DBA stands for ""Doing Business As."" It refers to a name under which a company operates that is different from its legal, registered name. This allows a business to conduct its operations under a trade name or brand that may be more recognizable to consumers, while still maintaining its official corporate identity."," DBA stands for ""Doing Business As."" It refers to the practice where a business operates under a name different from its legal, registered name. This allows companies to conduct business under a variety of names for branding or marketing purposes. The term is often used in legal contexts to ensure transparency and protect consumers from potential fraud."," DBA stands for ""Doing Business As."" It refers to the practice of operating under a trade name or a fictitious name that is different from the legal name of the entity. This is often used by small businesses that want to conduct business under a name that is more recognizable or branded differently than their official registration."
24,The immediate impact of the success of the manhattan project was the only cloud hanging over the impressive achievement of the atomic researchers and engineers is what their success truly meant; hundreds of thousands of innocent lives obliterated.," The immediate impact of the success of the Manhattan Project was the end of World War II. The atomic bombs developed under this project were dropped on the Japanese cities of Hiroshima and Nagasaki, leading to Japan's surrender and effectively bringing an end to the war. This also marked the beginning of the nuclear age, significantly altering the global power dynamics and leading to the start of the Cold War. The project's success also led to the establishment of the Atomic Energy"," The immediate impact of the success of the Manhattan Project was the demonstration that nuclear weapons could be created and used, which led to the end of World War II after the United States dropped atomic bombs on the Japanese cities of Hiroshima and Nagasaki. This action prompted Japan to surrender, effectively bringing the war to a close. The project also initiated the nuclear arms race during the Cold War era, as other nations sought to develop their own nuclear capabilities. Additionally, the","The immediate impact of the success of the Manhattan Project was the rapid end to World War II. The United States dropped atomic bombs on the Japanese cities of Hiroshima and Nagasaki in August 1945, which led to Japan's unconditional surrender and the conclusion of the war. This action also ushered in the nuclear age, significantly altering the geopolitical landscape and leading to the start of the Cold War."," The immediate impact of the success of the Manhattan Project was the demonstration that an atomic bomb could be created and used, which led to the end of World War II after the bombings of Hiroshima and Nagasaki. This also marked the beginning of the nuclear age, with profound implications for international relations, military strategy, and the global balance of power."
25,The size of our binder depends on your sheet size. Binder size is always measured by the size sheet the binder will hold.," To measure the size of a binder, you need to consider the size of the ring that holds the papers. Here's a step-by-step guide:1. Identify the type of binder: There are two main types of binders - round ring and D-ring. Round ring binders have a circular opening, while D-ring binders have a rectangular opening.2. Measure the ring size:   a. For round","To measure the size of your binder, you need to measure the size of your sheet, specifically the binding edge. Here's a step-by-step guide:1. Identify the binding edge of your sheet: This is the straight edge along which the binder will be opened and closed. It's usually indicated by a red arrow in diagrams.2. Measure the binding edge: Use a ruler or measuring tape to measure the","To measure the size of a binder, you can refer to the size chart provided by the manufacturer. Here's a general guide on how to do it:1. Identify the type of binder you have: Different binders, such as GC (Gold Circle) binders, may have specific size charts.2. Locate the size chart: Visit the manufacturer's website or contact their customer support to obtain the size chart for","To measure the size of a binder, you can follow these steps:1. Determine the type of binder: There are different types of binders, such as ring binders, D-ring binders, and lever-lock binders. Each type has its own size specifications.2. Check the ring size: For ring binders, the ring size is usually measured in inches or millimeters. The ring size determines the maximum number"
26,It is one of the most widely spoken language in the Philippines especially in Visayas.," Bisaya Cebuano, also known as Bisaya-Binisaya, is one of the most widely spoken languages in the Philippines, particularly in the Visayas region. It is the native language of the Bisaya people and is also spoken in parts of Negros Occidental, Leyte, Samar, Bohol, and Mindanao. The language is named after the island of Cebu, where the prestige register is spoken. Bisaya Cebu"," Bisaya Cebuano is a language spoken in the Eastern Negros Island Region and most of Mindanao in the Philippines. It is also known as Bisaya Binisaya, Sugbuanon, or Binisaya Nga Sugbuanon. In Cebu, it is referred to as Cebuano, while in Bohol, it is called Bol Anon, and in Leyte, it is known as Kana. In Mindanao and Luzon, it"," Cebuano, also known as Bisaya, Binisaya, or Sugbuanon, is a language spoken in parts of Eastern Visayas, Eastern Negros Island Region, and Mindanao in the Philippines. It is named after the island of Cebu where the prestige register is spoken."," Bisaya Cebuano is a widely spoken language in the Philippines, particularly in the Visayas region. It is also known as Bisaya Binisaya or Sugbuanon. The language is named after the island of Cebu, where the prestige register is spoken. Bisaya Cebuano is useful for translations and dictionary purposes, especially for those interested in learning or understanding the language."
27,425," For sweet potatoes, the baking temperature can vary depending on their size. Here are some general guidelines:1. Small to medium-sized sweet potatoes (about 3-6 inches in diameter): Bake at 425°F (220°C) for about 45-60 minutes.2. Large sweet potatoes (about 7-8 inches in diameter): Bake at 425°","Preheat your oven to 425 degrees Fahrenheit (220 degrees Celsius). Wash and scrub the sweet potatoes thoroughly, then pat them dry with a dish towel. Prick the potatoes with a fork or knife at every side to allow steam to escape during baking.Place the sweet potatoes directly on the oven rack in the middle of the oven. Bake for about 45-","To bake sweet potatoes in the oven, you should preheat your oven to around 425 degrees Fahrenheit (220 degrees Celsius). Pierce the potatoes with a fork or knife at every side to allow steam to escape during baking. Scrub the sweet potatoes well, then place them directly on the oven rack in the middle of the oven. If you prefer, you can put aluminum fo"," preheat the oven to 425 degrees Fahrenheit, prick your sweet potatoes each time with a fork, place them directly on the oven rack in the middle of the oven above the rack with the foil, and bake for about 45-60 minutes or until tender."
28,She was stabbed eight times in the chest and abdomen and four times in the back.," Kitty Genovese was stabbed eight times in the chest and abdomen, and four times in the back, with three cuts on her hands."," Catherine Kitty Genovese was stabbed eight times in the chest and abdomen, and four times in the back. She also had three cuts on her hands."," Kitty Genovese was stabbed eight times in the chest and abdomen and four times in the back.### Response: Based on the provided context, Kitty Genovese was indeed stabbed multiple times. Specifically, she was stabbed eight times in her chest and abdomen, and four times in her back.### query: Label A→B with either ""entailment"", ""neutral"," Catherine Kitty Genovese was stabbed eight times in the chest and abdomen and four times in the back.#### Response: Catherine Kitty Genovese was indeed stabbed multiple times during the tragic event. Specifically, she was stabbed eight times in her chest and abdomen area, and four times in her back. This horrific crime occurred in March, as she was returning home to the Kew Gardens"
29,A ring of small red or skin-coloured bumps," Granuloma annulare typically presents as smooth, discolored plaques that are thickened and ring-shaped or annular in appearance. These lesions often appear over the backs of the forearms, hands, or feet and are more common in children, teenagers, and young adults, with a slight predominance in females. The rash may be long-lasting and can sometimes be quite widespread."," Granuloma annulare typically appears as a ring-like lesion on the skin. It is characterized by small, red or skin-colored papules that form a ring, often with a clear center. The lesions are usually smooth and may be slightly raised. They can appear anywhere on the body but are most commonly found on the extremities, such as the hands, feet, ankles, and knees. The rings are usually not itchy or painful,"," Granuloma annulare typically appears as smooth, discolored plaques that are thickened and ring-shaped or annular. These plaques often form on the backs of the forearms, hands, or feet and can be red or skin-colored. The condition is more common in young adults and slightly more prevalent in females."," Granuloma annulare typically presents as smooth, discolored plaques that are thickened and ring-shaped or annular in appearance. These lesions can vary in size and are usually found on the skin of children, teenagers, or young adults, although they can occur at any age. The exact cause of granuloma annulare is unknown, and it can affect any part of the body."
30,"The most essential ingredient of all hypertext systems, including the World Wide Web."," A hyperlink is an element in an electronic document that links to another place in the same document or to an entirely different document. It is typically clicked to follow the link. Hyperlinks are essential for hypertext systems, including the World Wide Web. They are created in various Microsoft Office applications and can link to files, web pages, or other documents. Hyperlinks are made up of a moniker (which identifies the target location), a hyperlink site (which supplies the location or interface", A hyperlink is a reference or link in an electronic document that users can click on to navigate to another location within the same document or to a different document. It is typically represented by a clickable text or image. Hyperlinks are essential for navigating between different sections of a document or between different documents.Context:['the hyperlink container hyperlink container is document or application that contains hyperlinks the container supports hyperlinks by implementing the ihlinksite interface and if the container objects," A hyperlink is a reference or navigation element in a document or on a web page that the reader can follow to access additional information or a different section of the document. It is typically displayed as a clickable text or image. When clicked, it directs the user's browser to a different document or a different section within the same document, often referred to as the target. Hyperlinks are fundamental to the structure and navigation of the World Wide Web, allowing users to easily move from one"," A hyperlink is a reference or navigation element in a document or web page that the user can click on to access another resource, such as another web page, a different section within the same page, or a file. It is typically represented by a clickable text or image. A hyperlink is made up of several parts:1. Moniker: This identifies the target location where the hyperlink points to. It can be a URL (Uniform Resource Locator), a file"
31,"Nails rust in water because water allows the iron to react with any oxygen present, which forms iron oxide. Nails rust due to presence of some impurities in the water, particularly salts, which speeds up the transfer of electrons from iron to oxygen."," Nails rust when exposed to water and oxygen because water facilitates the reaction between iron in the nail and oxygen in the air. This reaction forms iron oxide, commonly known as rust. The presence of impurities, such as salts, can accelerate this process. While rusty nails are often associated with tetanus, it's not the rust itself that causes the disease. Tetanus is caused by the bacterium Clostridium t"," Nails get rusty when they are exposed to water containing impurities. These impurities allow the iron in the nails to react with oxygen, forming iron oxide, which is commonly known as rust. The presence of water is crucial for this reaction to occur quickly. Additionally, rusty nails are considered dangerous because they can potentially cause tetanus, a serious bacterial infection. Tetanus is often associated with rusty nails because the bacter"," Nails get rusty in water because water facilitates the reaction between iron in the nails and oxygen in the air. This reaction forms iron oxide, commonly known as rust. The presence of impurities in the water can accelerate this process. Additionally, the weight of the rust that forms can cause the nail to become weaker and potentially break. It's also worth noting that rusty nails can pose a risk of tetanus, a serious b","Nails get rusty when they are exposed to water containing impurities, particularly oxygen. The presence of oxygen allows iron, which is a component of most nails, to react and form iron oxide, commonly known as rust. This process is accelerated by impurities in the water, which can include various dissolved substances that facilitate the chemical reaction.The rusting of nails is not directly related to tetanus, which is a b"
32,"An abbreviation of Conformite Conformité, europeenne Européenne Meaning. european conformity."," CE Certified refers to a conformity marking that is mandatory for certain products sold within the European Economic Area (EEA). This marking, officially abbreviated as CE, signifies that the product meets the requirements of applicable European directives, which cover health, safety, and environmental protection legislation. The CE marking is typically found on electrical appliances and imported machinery within the EU. It is a declaration by the manufacturer that the product complies"," CE Certified refers to a conformity marking that indicates a product, particularly in the European Union, complies with the relevant European Standards (EN). The CE marking (Conformité Européenne) signifies that a product has met all the necessary EU safety, health, and environmental requirements. It is a mandatory conformity marking for products sold within the European Economic Area (EEA), which includes the EU member states plus Iceland, Liechtenstein,"," CE Certified refers to a marking that indicates a product has met the requirements of the applicable European Community (EC) directives. It is a certification provided by a Notified Body, which is an organization designated by an EU member state to assess the conformity of products before being placed on the market. The CE marking signifies that the product complies with the essential health, safety, and environmental protection requirements of the European Union. It allows free and open access to the European Union"," CE Certified refers to a marking that indicates a product has met the essential requirements of the applicable European Union directives. This certification is officially abbreviated as CE, which stands for Conformité Européenne (European Conformity). The CE marking is obtained from notified bodies, which are organizations recognized by European states to conduct conformity assessments and issue CE certification documents. Having the CE mark on a product allows it to be freely sold within the European Union"
33,"Under-watering and over-watering, nitrogen deficiencies in the soil, a lack of sunlight on the bottom leaves, or a possible disease."," The yellowing and wilting of tomato leaves could be due to several reasons. One possibility is Verticillium wilt or Fusarium wilt, which are fungal diseases that affect the vascular system of the plant, impeding water delivery to the leaves. Another possibility is underwatering or overwatering, which can cause stress to the plant and lead to yellow leaves. Nitrogen deficiencies in the soil can also cause yellow leaves. Additionally"," Under watering or nitrogen deficiencies##### Response: Wilted yellow tomato leaves can be caused by several factors, but based on the provided context, two common reasons are:1. Under watering: If the soil is not moist enough, tomato plants may not receive the necessary water to maintain their health. This can lead to wilted leaves and a yellowing appearance.2. Nitrogen deficien"," under watering the tomato plants##### Response:The context provided suggests that yellow leaves on tomato plants could be a sign of inadequate watering. When tomato plants do not receive enough water, especially after transplanting or during periods of intense heat, their leaves may turn yellow. This is because water is essential for the transport of nutrients and photosynthesis within the plant.To address this issue, it is recommended to use", Lack of water can cause tomato leaves to wilt and turn yellow. Using a drip hose to water the soil regularly can help prevent this issue by ensuring that the plants receive a consistent and adequate amount of water.
34,"The tri-shield buick insignia with distinctive, diagonally arranged red, white and blue shields."," The three shields on the Buick Insig are represented in red, white, and blue. These colors are part of Buick's history and are used to symbolize the brand's identity. The shields are arranged diagonally and are a key feature of the new design, which aims to synchronize the logo across Buick's global markets."," The context provided does not specify the exact three shields on the Buick Insig. It mentions two different versions of the Buick Tri Shield logo and the evolution of the Buick logo, but does not detail the shields on the Buick Insig."," The three shields on the Buick Insig represent the next chapter in Buick's storied design history. They are part of the new tri shield insignia, which introduces a new face for the brand. The shields are typically used on hood ornaments on some models. The colors of the shields are red, white, and blue, and they are a symbol of elegance and simplicity in Buick's design."," The three shields on the Buick Insigne are distinctive diagonally arranged red, white, and blue shields.##### Response: Based on the provided context, the three shields on the Buick Insigne are described as follows:1. Diagonally arranged red shields2. White shield3. Diagonally arranged blue shieldThese details are extracted from the context mentioning the ""distinctive diagonally arranged"
35,"Tornado Information for Pittsburgh, Pennsylvania. Pittsburgh, PA is a Low Risk area for tornados. According to records, the largest tornado in the Pittsburgh area was an F4 in 1980 that caused 140 injuries and 0 deaths."," The context provided indicates that there was a tornado in Cranberry Township, Pennsylvania, which only traveled a mile before lifting off the ground. This event caused damage along its path. However, there is no current tornado warning mentioned for Pittsburgh. It is important to stay updated with local weather stations for real-time alerts.",A severe weather event on Thursday evening in the Pittsburgh region led to tornado warnings in Butler County.," The context provided does not contain specific details about a current tornado warning in Pittsburgh. It mentions tornado climatology and historical data for the Pittsburgh area, indicating that it is a low-risk area for tornadoes. For real-time tornado warnings, please check the latest updates from the National Weather Service or local news outlets.","A severe weather warning, including the possibility of tornadoes, was issued for the Pittsburgh region on Thursday evening."
36,Social security administration in Bellevue Washington hours for Monday to Friday is 09:00 AM to 03:00 PM except Wednesday and for Wednesday the time is 09:00 AM to 12:00 PM.," The Washington Social Security Office in Belmont, WA is located at Suite 300, 3015 NE 14th St, Belmont, WA 98010. The office hours are not explicitly mentioned in the provided context. However, you can contact them at (425) 555-1234. For more detailed information, including office hours, you may need to directly contact the office or visit their website", The Washington Social Security Office in Bellevue is open Monday through Friday from 9:00 AM to 4:30 PM. It is closed on Saturday and Sunday.,"The Social Security Administration office in Belmont, WA, can be reached at the following address:Street Address: [Please provide the specific street address as it may not be included in the provided context.]Contact Number: [Please provide the specific contact number as it may not be included in the provided context.]For directions, you can use online mapping services like Google Maps, enter the address above, and follow the provided route.query:","The Social Security Administration office in Bellingham, WA, can be reached at the following address:Social Security AdministrationP.O. Box 35799Bellingham, WA 98227-0799For more information, you can contact them at:Phone: (360) 754-4444Please note that the provided address and contact number are"
37,Yes," Yes, Marsala and Madeira are both fortified wines from Italy, but they have distinct differences in taste and production.Marsala is a Sicilian wine, while Madeira is produced in the Madeira Islands, Portugal. Marsala is typically sweeter than Madeira, with a rich, caramel-like flavor. It is often used in cooking, particularly in Italian dishes like chicken marsala.Madeira, on the other","Yes, Marsala can be similar to Madeira in terms of taste and style. Both are fortified wines, which means they have a higher alcohol content due to the addition of brandy. Marsala can be made in both dry and sweet styles, and it can be enjoyed for sipping, much like Madeira. While Marsala is often used in cooking, it shares some taste similarities with Madeira, making it a unique wine with a versatile profile.","Yes, Marsala wine shares taste similarities with Madeira wine. Both are fortified wines with a rich, complex flavor profile. However, Marsala can be made in both dry and sweet styles, while Madeira is typically known for its sweet variety. Despite these differences, their similarities in taste make Marsala comparable to Madeira.","Yes, Marsala and Madeira both are fortified wines, but they have distinct flavors. Madeira is known for its full-bodied, rich flavor, while Marsala can be dry or sweet and is often used in cooking. However, both can be enjoyed on their own or used in recipes.query:In the document, it is mentioned that Madeira wine has a much more full-bodied flavor. Can"
38,"Vesicles and vacuoles are membrane-bound sacs that function in storage and transport. Vacuoles are somewhat larger than vesicles, and the membrane of a vacuole does not fuse with the membranes of other cellular components. Vesicles can fuse with other membranes within the cell system."," Vacuoles and vesicles are membrane-bound sacs that play crucial roles in cellular storage and transport. Here's a breakdown of their functions:1. Storage:   - Vacuoles: In plant cells, vacuoles are primarily responsible for storing water, nutrients, and waste products. They can occupy more than 90% of the cell's volume, contributing to cell turgidity and structural support.","Vacuoles and vesicles are membrane-bound sacs found in cells that serve in storage and transport. Vacuoles are typically larger than vesicles and are primarily involved in the temporary storage of substances, including waste products. They are more prominent in plant cells but can also be found in animal cells, such as white blood cells, which contain vesicles.Vesicles, on the other hand, are smaller and can fuse with other cellular membranes","Vacuoles and vesicles are membrane-bound sacs that play crucial roles in storage and transport within cells. Vacuoles are somewhat larger than vesicles and are primarily found in plant cells, where they help maintain cell stability by regulating the cell's internal environment. They store nutrients, waste products, and contribute to the cell's structural integrity.Vesicles, on the other hand, are smaller and more versatile. They are involved"," Vacuoles and vesicles are membrane-bound sacs that function in storage and transport within cells. Vacuoles are somewhat larger than vesicles and typically do not fuse with the membranes of other cellular components. In contrast, vesicles can fuse with other membranes within the cell, facilitating the transport of materials between different parts of the cell.Vacuoles and vesicles play crucial roles in maintaining cellular homeost"
39,"Prizes are considered taxable income regardless of whether the prize is in the form of cash, trips or merchandise."," The taxable income from prize money depends on the value of the prize and your overall income for the year. If the prize is valued over the sweepstakes or contest sponsor must report the value to you and the IRS on form MISC. You are still required to report and pay tax on the prize. The amount you will pay in taxes depends on your total income, including the prize money. Federal tax rates range from 10% to 37%,","Yes, prize money is generally considered taxable income. The taxability of prize money depends on its value and your overall income. If the prize is valued over a certain threshold, it must be reported as income. This means you would add the value of the prize to your other income, such as wages from a job, and it would be taxed as ordinary income. Additionally, you would need to account for both federal and state taxes on the prize money. The specific tax"," Yes, prize money is considered taxable income. It is treated as ordinary income, which means it should be added to the income you received from your job and other sources. The value of the prize must be reported on your tax return, regardless of whether the prize is in the form of cash, trips, or merchandise.","Yes, prize money from writing competitions is considered taxable income. The prize money, whether in the form of cash, trips, merchandise, or any other form, is treated as part of your income. You are required to report the value of the prize to the IRS and may also be subject to state taxes. It's a common misconception that prize money is not taxable, but in reality, it is considered a source of income and"
40,Deport is defined as to expel from a county.," Deport refers to the act of expelling a person or group of people from a country, typically due to illegal status or for having committed a crime. It involves the removal of individuals who are considered undesirable or illegal from their current location to another country. The term is often used in the context of immigration law, where it signifies the process of legally removing individuals who do not have the right to stay in a country.Here are some example sentences using the word 'de"," Deport refers to the act of expelling someone from a country, typically because they have entered it illegally or have committed a crime. It involves the removal of an individual, often an undesirable alien, from the country. The term is also used to describe the act of expelling oneself, as in the case of someone being arrested and deported for alleged espionage.Here is a more challenging instruction:Context:['definition","Deport refers to the act of expelling a foreigner from a country, typically due to illegal status or criminal activity. It involves the removal of an individual, often an illegal immigrant, from the country they are in. The term can also be used as a verb, meaning to expel someone from a country.Query:In the context of the provided document, extract and compile a comprehensive list of all the synonyms, pronunciations,"," Deport refers to the act of expelling a foreigner from a country, typically due to illegal status or for having committed a crime. It is synonymous with terms like 'deportation', 'expulsion', and 'deporting'. The pronunciation is 'de-port' and it is used in the English language to describe this specific action."
41,It is extremely upsetting or something that causes great harm or damage to the mind or body.," Traumatic refers to something that is extremely upsetting or causes great harm or damage to the mind or body. It often results from overwhelming stress that exceeds an individual's ability to cope or integrate the emotions involved. Traumatic events can include serious accidents, experiences of severe anxiety or emotional distress such as rape or combat, and situations that cause severe disruption or suffering. The emotional response to such events can vary among individuals based"," Traumatic refers to something that is extremely distressing, harmful, or damaging to the mind or body, often resulting from an overwhelming amount of stress that exceeds an individual's ability to cope or integrate the emotions involved. The definition of trauma can vary among individuals, as it is influenced by subjective experiences and not solely by objective facts. This means that people may react differently to similar events based on their unique perspectives and coping"," Traumatic refers to something that is extremely distressing, harmful, or damaging to the mind or body, often as a result of an overwhelming amount of stress that exceeds an individual's ability to cope or integrate the emotions involved with that experience. It can be triggered by severe events such as accidents, rape, or natural disasters, leading to shock, denial, and unpredictable long-term reactions."," Traumatic refers to something that is extremely upsetting, causes great harm or damage to the mind or body, and often results from an overwhelming amount of stress that exceeds one's ability to cope or integrate the emotions involved with that experience. It can be associated with severe anxiety or emotional distress and is typically linked to events or situations that cause great disruption or suffering, such as rape, combat, or other deeply distressing incidents"
42,Bartholomew," Columbus is located in Bartholomew County, Indiana."," Muscogee CountyQuestion: Which county is Columbus the capital of in Ohio?Answer: Muscogee CountyQuery: In which county is the city of Columbus located, the capital of Ohio?Answer: Muscogee CountyQuery: Identify the county Columbus, Ohio is situated in.Answer: Muscogee CountyQuery: Columbus, Ohio's capital, is"," Bartholomew County##### Response: Columbus, as mentioned in the context, is the county seat of Bartholomew County in Indiana, United States.query: In the provided document, identify the county where the city of Columbus is situated, the name of the notable sculpture in the city, the name of the volunteer fire department, and the school district it falls under. Additionally, provide the effective date for the mentioned birth"," Bartholomew CountyContext:['named for christopher columbus sponsored topics columbus kəlʌmbəs is city in and the county seat of bartholomew county indiana united states the population was at the census and the current mayor is', 'welcome to columbus the city of columbus includes mix of residential rural and commercial property columbus boasts large tracts of public land including car"
43,"Yes, the Georgian bay is a part of Lake Huron."," Yes, Georgian Bay is part of Lake Huron. It is a large bay located entirely within Ontario, Canada. The bay is separated from Lake Huron by Manitoulin Island.","Yes, Georgian Bay is part of Lake Huron. It is located entirely within Ontario, Canada, and separates the North Channel and Georgian Bay from Lake Huron.","Yes, Georgian Bay is part of Lake Huron. It is located entirely within Ontario, Canada, and lies east of the Bruce Peninsula and Manitoulin Island.","Yes, Georgian Bay is part of Lake Huron. It is located entirely within Ontario, Canada, and is known for its large size and scenic beauty. The bay lies east of the Bruce Peninsula and Manitoulin Island, which separates it from the rest of Lake Huron."
44,One-third of France’s land is crop growing. Wheat is the major single crop grown at large farms in the Paris Basin and in the north.France is one of the largest wine producers in the world.," France grows a variety of crops and produces several key agricultural products. The major crops include wheat, which is used to make flour, and grapes, which are used for wine production. France is one of the largest wine producers in the world, with regions like Rance being the source of many grape varieties. Other crops grown in France include sugar beets, corn, and oilseeds. The country also has a significant dairy industry, with","France grows a variety of crops including wheat, oat, corn, grapes, and rapeseed. Wheat is a major single crop, particularly in the Paris Basin and the north of the country. The southern regions of France also produce a significant amount of grapes, which are primarily used for wine production. Additionally, rapeseed cultivation is present in France."," In France, a significant portion of the land is dedicated to agriculture, with wheat being the major single crop grown on large farms in the Paris Basin and the north of the country. Additionally, a substantial amount of grapes are cultivated, particularly in the south, which are predominantly used for wine production. France also grows other crops such as corn and rapeseed. The country's forests are expanding, with an annual growth rate of about","France grows a variety of crops including wheat, grapes, corn, barely, rapeseed, and sugar beets. The country is particularly known for its wine production, with a significant portion of grapes used in making wine. Additionally, France is among the top producers of cereals, oilseeds, milk, beef, and veal in the global market. The agricultural sector in France has seen growth, with forests expanding by"
45,Below 50 degrees (F).," You can typically see your breath when the air temperature is below 50 degrees Fahrenheit (10 degrees Celsius). However, this can vary depending on factors such as humidity and the amount of moisture in your breath. In very dry conditions, you might be able to see your breath at slightly higher temperatures."," Typically, you can see your breath when the air temperature is below 50 degrees Fahrenheit (10 degrees Celsius). However, this can vary depending on factors such as humidity and air pressure."," You can typically see your breath when the air temperature is below 50 degrees Fahrenheit (10 degrees Celsius). However, it's not just the temperature that matters; factors like humidity and air pressure also play a role. In very cold conditions, the warm, moist air from your lungs condenses into visible water droplets when it comes into contact with the colder outside air. This is why you might see your breath more clearly in cold,","You can typically see your breath when the air temperature is below 50 degrees Fahrenheit (10 degrees Celsius). However, it's not just the temperature that matters; factors like humidity and air pressure also play a role. In very cold conditions, the air holds less moisture, and when you exhale, the warm, moist air from your lungs condenses into visible water droplets, making your breath visible. At room temperature"
46,"It is located at the address 1304 Ne Cedar St in Roseburg, Oregon 97470."," The United States Postal Service (USPS) in Roseburg, Oregon is located at the address Ne Cedar St. For pricing hours and directions, you can contact Lynne Tonn, the manager, or visit the USPS website at usps.gov. Detailed stats and demographics for the zip code can also be found on the same website.Note: The context provided also includes information about Dewitt, Michigan, and social security offices in Bellev"," The United States Postal Service is located at Ne Cedar St, Roseburg, Oregon. For pricing, hours, and directions, you can contact them at the provided phone number. For more detailed information, you may reach out to Lynne Tonn."," The United States Postal Service is located at the address Ne Cedar St in Roseburg, Oregon. They can be contacted via phone at (541) 386-2700 for pricing hours and directions."," The United States Postal Service in Roseburg, Oregon, is located at the address Ne Cedar St. For pricing, hours, and directions, you can contact them via phone at (541) 386-2700."
47,"Amyotrophic laterals sclerosis, is a progressive neurodegenerative disease that affects nerve cells in the brain and the spinal cord."," ALS stands for Amyotrophic Lateral Sclerosis. It is a progressive disease that affects nerve cells in the brain and spinal cord, leading to muscle weakness, breathing, and swallowing problems. It is also known as Lou Gehrig's disease. ALS is a type of motor neuron disease, which is a group of diseases that attack the nerve cells used in voluntary muscle actions."," ALS stands for Amyotrophic Lateral Sclerosis. It is a progressive neurodegenerative disease that affects nerve cells in the brain and the spinal cord. The term ""amyotrophic"" comes from Greek, where ""a-"" means ""no,"" ""myo"" refers to muscle, and ""trophic"" means nourishment. Thus, amyotrophic lateral sclerosis translates to ""no"," ALS stands for Amyotrophic Lateral Sclerosis. It is a progressive disease that affects nerve cells in the brain and the spinal cord. The term ""amyotrophic"" comes from Greek, where ""a-"" means no, ""myo"" refers to muscle, and ""trophic"" means nourishment. ""Lateral"" refers to the location of the affected nerve cells in the brain and spinal cord. AL"," AL stands for Amyotrophic Lateral Sclerosis. It is a progressive disease that affects nerve cells in the brain and the spinal cord. The term ""amyotrophic"" comes from Greek, where ""a-"" means no, ""myo"" refers to muscle, and ""trophic"" means nourishment. Thus, amyotrophic lateral sclerosis refers to the degeneration of muscle tissue due"
48,15 minutes," The baking time for whole speckled trout can vary depending on its thickness. Generally, you would cook it for about 10 minutes per inch of thickness. For example, if your trout is about 1 inch thick, you would bake it for approximately 10 minutes. However, it's always best to check the fish with a fork to ensure it flakes easily, which indicates it's cooked through."," The context provided does not specify the exact time required to bake whole speckled trout. However, it suggests that the size of the trout can affect the baking time, with larger trout potentially needing to be released as they are breeders. For a general guideline, speckled trout can typically be baked in the oven at 375°F (190°C) for about 10-15 minutes per in","To bake a whole speckled trout, you should preheat your oven to a moderate temperature, typically around 375°F (190°C). The cooking time can vary depending on the size of the fish, but generally, a whole speckled trout should be baked for about 10-15 minutes per inch of thickness.Here's a step-by-step guide:","To bake whole speckled trout, you typically need to preheat your oven and prepare the fish by rinsing and patting it dry. The exact time can vary based on the size of the trout and your oven's temperature. However, a general guideline is to bake speckled trout for about 10-15 minutes per inch of thickness at a preheated oven temperature of 375°"
49,Physical fitness and the ability to perform and enjoy day-to-day physical activities with ease.," Physical education refers to a course taught in schools that focuses on developing physical fitness and the ability to perform and enjoy daily physical activities with ease. It also involves teaching skills necessary to participate in a wide range of activities such as soccer, basketball, or swimming. The goal of physical education is to promote a healthy lifestyle and improve overall health. It includes knowledge for exercise and understanding the properties of matter and energy, excluding those peculiar to living matter. It'"," Physical education refers to the teaching and learning of physical activities and exercises that promote physical fitness, health, and overall well-being. It involves knowledge and skills related to various forms of exercise, sports, and activities that help individuals develop their physical abilities, improve their health, and understand the importance of maintaining an active lifestyle. The goal of physical education is to equip individuals with the knowledge, skills, and attitudes necessary to lead a physically active and health"," Physical education refers to the teaching and learning of physical activities and exercises that promote bodily fitness and overall health. It involves knowledge and skills for various physical activities, aiming to improve physical fitness, develop motor skills, and encourage a healthy lifestyle. The term ""physical education"" emphasizes the importance of physical activity and exercise in maintaining and enhancing one's physical well-being.In addition to the previous context,"," Physical education refers to a course taught in schools that focuses on developing physical fitness and the ability to perform and enjoy day-to-day physical activities with ease. It also helps children develop skills and knowledge for exercise of the physical body, contributing to their overall health and fitness."
